{"cameraMode":{"drawMode":0,"name":"Shaded","section":"Shading Mode"},"sceneLighting":false,"audioPlay":false,"sceneViewState":{"m_AlwaysRefresh":false,"showFog":false,"showSkybox":false,"showFlares":false,"showImageEffects":false,"showParticleSystems":false,"showVisualEffectGraphs":false,"m_FxEnabled":true},"in2DMode":false,"pivot":{"x":-0.13654989004135133,"y":0.6905481815338135,"z":-0.03867793083190918},"rotation":{"x":-0.004725058097392321,"y":0.9954460859298706,"z":0.0768786147236824,"w":0.05838008597493172},"size":1.1172457933425904,"orthographic":false}