{"cameraMode":{"drawMode":0,"name":"Shaded","section":"Shading Mode"},"sceneLighting":false,"audioPlay":false,"sceneViewState":{"m_AlwaysRefresh":false,"showFog":false,"showSkybox":false,"showFlares":false,"showImageEffects":false,"showParticleSystems":false,"showVisualEffectGraphs":false,"m_FxEnabled":true},"in2DMode":false,"pivot":{"x":0.03908633068203926,"y":0.5401588678359985,"z":0.4881047010421753},"rotation":{"x":0.03894512727856636,"y":0.9609323740005493,"z":-0.19375091791152955,"w":0.1944371908903122},"size":0.8660253882408142,"orthographic":false}