{"cameraMode":{"drawMode":0,"name":"Shaded","section":"Shading Mode"},"sceneLighting":false,"audioPlay":false,"sceneViewState":{"m_AlwaysRefresh":false,"showFog":false,"showSkybox":false,"showFlares":false,"showImageEffects":false,"showParticleSystems":false,"showVisualEffectGraphs":false,"m_FxEnabled":true},"in2DMode":false,"pivot":{"x":-0.7146928310394287,"y":0.16560766100883485,"z":2.2387235164642336},"rotation":{"x":-0.011874706484377385,"y":0.9425972700119019,"z":0.03301737830042839,"w":0.33246588706970217},"size":0.8660253882408142,"orthographic":false}